Date,Content,Image_URL
2026-08-18,"🧠 WHAT ACTUALLY HAPPENS BETWEEN A SENSOR AND AN AI MODEL?

Most people see:

Sensor → AI → Result

But the real pipeline is much more interesting.

Physical signal
↓
Sensor
↓
Signal conditioning
↓
ADC
↓
Filtering
↓
Feature extraction
↓
AI / Algorithm
↓
Decision

A bad signal going into a brilliant model can still produce a bad decision.

That's why embedded AI isn't just about the model.

It starts with the physics.

📌 QUICK CHEAT SHEET

Sensor = observes
ADC = digitizes
Filter = cleans
Features = summarize
Model = interprets
Controller = decides

The intelligence of a system begins before the AI ever sees the data.

#EmbeddedSystems #EdgeAI #IoT #SignalProcessing #Engineering",""
2026-08-20,"⚡ CAN A MOTOR TELL YOU IT IS ABOUT TO FAIL?

Not directly.

But its electrical and mechanical behavior can change before failure.

Imagine monitoring:

Current → ⚡
Vibration → 📳
Temperature → 🌡️
Speed → 🔄
Power → 🔌

Then:

Sensors
↓
Signal Processing
↓
Feature Extraction
↓
Anomaly Detection
↓
Health Score
↓
Maintenance Alert

Traditional maintenance:

FAIL → REPAIR

Predictive maintenance:

NORMAL → DEGRADATION → WARNING → PLANNED MAINTENANCE

The goal isn't to predict the exact second a machine will fail.

It's to detect meaningful changes early enough to act.

That's where AI + embedded sensing becomes powerful.

#PredictiveMaintenance #AIoT #IndustrialIoT #MachineLearning #SmartManufacturing",""
2026-08-22,"📐 A CONTROLLER CAN BE PERFECT ON PAPER AND STILL FAIL IN HARDWARE.

In simulation:

Reference → Controller → Plant → Output

In reality:

Reference → Controller → Converter → Motor
↑
Noise / Delay
Saturation
Quantization
Parameter Variation
Load Disturbance

That's the gap between mathematical modeling and engineering.

A real controller has to survive:

• Sensor noise
• Switching delays
• Component tolerances
• Load changes
• Input variations
• Nonlinearities

So I don't ask only:

'Does the waveform look good?'

I ask:

'What happens when my assumptions stop being true?'

That's where robustness begins.

#ControlSystems #PowerElectronics #EmbeddedSystems #ElectricalEngineering #MATLAB",""
2026-08-25,"🔢 12-BIT ADC.

Sounds impressive.

But what does it actually mean?

2¹² = 4096 levels

For a 0–3.3 V ADC:

3.3 / 4096 ≈ 0.806 mV/LSB

So one digital count represents roughly 0.806 mV.

BUT...

⚠️ RESOLUTION ≠ ACCURACY

Real measurements are affected by:

Noise
Reference stability
Sensor accuracy
PCB layout
ADC non-linearity
Temperature

Think of it this way:

Resolution tells you how finely you can divide the measurement.

Accuracy tells you how close the measurement is to reality.

A datasheet number is only the beginning of the calculation.

#EmbeddedSystems #Electronics #ADC #HardwareDesign #Engineering",""
2026-08-27,"🔧 MY EMBEDDED DEBUGGING FLOWCHART

When hardware doesn't work, my first instinct used to be:

'There must be something wrong with the code.'

Not necessarily.

A better debugging sequence is:

POWER
↓
GROUND
↓
CLOCK
↓
SIGNAL
↓
COMMUNICATION
↓
FIRMWARE
↓
APPLICATION

Ask:

Is the supply correct?

Is the ground actually common?

Is the signal measurable?

Is the peripheral responding?

Is the interrupt firing?

Is the protocol correct?

Only then go deeper into the application.

The most useful debugging question I've learned:

'Which assumption have I made that I haven't measured yet?'

Debugging isn't guessing.

It's systematically eliminating possibilities.

#EmbeddedSystems #Debugging #Electronics #Engineering #Hardware",""
2026-08-30,"🤖 WHY DOES AI THAT WORKS ON A LAPTOP SOMETIMES FAIL ON A MICROCONTROLLER?

Because deployment changes the problem.

LAPTOP:

GBs of RAM
Powerful CPU/GPU
Large storage
High compute budget

MICROCONTROLLER:

KBs of RAM
Limited Flash
Strict latency
Tiny power budget

So deploying AI to an edge device isn't:

TRAIN → COPY MODEL → DONE

It's:

TRAIN
↓
OPTIMIZE
↓
QUANTIZE
↓
COMPRESS
↓
DEPLOY
↓
MEASURE
↓
OPTIMIZE AGAIN

You may have to trade:

Accuracy ↔ Memory
Latency ↔ Power
Model size ↔ Performance

This is why TinyML is fascinating.

AI becomes a completely different engineering problem when every byte and millisecond matters.

#TinyML #EdgeAI #EmbeddedAI #MachineLearning #EmbeddedSystems",""
2026-09-02,"📊 DON'T JUDGE A CONTROL SYSTEM BY ONE WAVEFORM.

A beautiful output waveform can still hide poor dynamic performance.

For a converter or motor drive, I want to know:

Rise Time
↓
How quickly does the system respond?

Overshoot
↓
How far does it exceed the target?

Settling Time
↓
How quickly does it stabilize?

Steady-State Error
↓
How close is the final value?

Load Disturbance
↓
What happens when the load suddenly changes?

Input Variation
↓
What happens when the source changes?

And finally:

ROBUSTNESS

Does the controller still work when the real system differs from the model?

Simulation tells us what we designed.

Testing tells us what we actually built.

#PowerElectronics #ControlEngineering #MATLAB #Simulink #ElectricalEngineering",""
2026-09-05,"📡 DATA ≠ INTELLIGENCE

Imagine an industrial machine sending one current measurement every second.

1 day:

86,400 measurements.

1 month:

Millions of measurements.

Now put all of that on a dashboard.

Do you have intelligence?

Not necessarily.

A useful monitoring system should answer:

What is normal?

↓
What changed?

↓
Is the change significant?

↓
Why did it change?

↓
What should we do?

That's the transformation:

SENSORS
↓
DATA
↓
FEATURES
↓
INSIGHT
↓
DECISION
↓
ACTION

The goal of IIoT isn't to collect the maximum amount of data.

It's to extract maximum value from the data we collect.

#IIoT #IndustrialIoT #SmartManufacturing #DataEngineering #Automation",""
2026-09-08,"🧠 DO YOU REALLY NEED AI?

This is a question engineers should ask BEFORE choosing a model.

Start with the problem.

↓

Can a simple threshold solve it?

YES → Use the threshold.

NO ↓

Can filtering or signal processing solve it?

YES → Use it.

NO ↓

Can a PID/classical algorithm solve it?

YES → Use it.

NO ↓

Now consider ML.

And even then:

Start simple.

A neural network isn't automatically better because it is more complicated.

Sometimes:

Threshold > Neural Network

Sometimes:

PID > Reinforcement Learning

Sometimes:

Moving Average > Deep Learning

Good engineering isn't maximizing complexity.

It's minimizing unnecessary complexity while meeting the requirements.

#Engineering #AI #MachineLearning #EmbeddedSystems #SystemsEngineering",""
2026-09-11,"💻 BIG-O IS NOT THE WHOLE STORY.

Suppose:

Algorithm A = O(n)

Algorithm B = O(n log n)

It is tempting to immediately say:

'A is faster.'

Usually, asymptotically, yes.

But real systems also have:

Cache behavior
Memory access
Constant factors
Input size
Data locality
Compiler optimizations
Implementation overhead

That's why algorithm analysis and hardware architecture shouldn't be treated as completely separate worlds.

Big-O tells us how an algorithm scales.

The machine tells us how it behaves.

For me, that's one of the most interesting connections between software and hardware.

#Algorithms #Programming #ComputerScience #EmbeddedSystems #Engineering",""
2026-09-14,"☁️ WHAT IF YOUR IoT DEVICE LOSES THE INTERNET?

Imagine:

Sensor → Edge Device → Cloud

Then the network disappears.

What happens?

❌ Poor architecture:

No cloud → No decision

✅ Better architecture:

```
             CLOUD
          /    |    \
    Analytics Storage Dashboard
           ↑
         MQTT
           ↑
       EDGE DEVICE
      /     |      \
  Sense  Decide   Control
                     ↓
                  Actuator
```

The edge should handle decisions that cannot wait for the network.

The cloud can handle:

Long-term analytics
Historical storage
Model training
Remote monitoring

A useful principle:

⚡ Decide locally.
☁️ Analyze globally.

The cloud should enhance your system—not necessarily become its single point of failure.

#EdgeComputing #IoT #IndustrialIoT #DistributedSystems #EmbeddedSystems",""
2026-09-17,"🚨 DESIGN FOR FAILURE.

Ask yourself:

'What happens when everything goes wrong?'

Sensor failure
↓
Fallback / Safe value

Network failure
↓
Local operation

Invalid input
↓
Validation

Power interruption
↓
Safe shutdown / Recovery

Communication error
↓
Retry / Timeout

Overtemperature
↓
Protection

Watchdog timeout
↓
System recovery

A system isn't reliable because its happy path works.

It's reliable because its failure paths are designed.

One of the biggest shifts in my engineering mindset has been moving from:

'How do I make it work?'

to:

'How does it fail?'

Because understanding failure is how you build systems that survive reality.

#SystemsEngineering #EmbeddedSystems #Reliability #EngineeringDesign #Electronics",""
2026-09-20,"⚖️ EVERY EMBEDDED SYSTEM IS A TRADE-OFF.

Imagine a design board with four competing goals:

```
   PERFORMANCE
        ↕
```

COST ← SYSTEM → COMPLEXITY
↕
POWER

Want more performance?

→ Faster processor
→ More computation
→ Usually more power/cost

Want lower power?

→ Lower clock
→ Sleep modes
→ Less computation

Want lower cost?

→ Fewer resources
→ Simpler hardware

Want more features?

→ More software
→ More peripherals
→ More complexity

There is rarely a perfect design.

The real engineering question is:

'What trade-off makes sense for this application?'

Optimization isn't maximizing one parameter.

It's finding the right balance.

#EmbeddedSystems #HardwareDesign #Electronics #Engineering #SystemDesign",""
2026-09-23,"🧪 ENGINEERING IS A BATTLE AGAINST ASSUMPTIONS.

'I connected it correctly.'

→ Measure it.

'The sensor is accurate.'

→ Calibrate it.

'The model should work.'

→ Test it.

'The simulation represents reality.'

→ Compare it with hardware.

'The network is reliable.'

→ Test failure conditions.

Every assumption is a hypothesis until it is measured.

That's why I increasingly see engineering as:

ASSUME
↓
MEASURE
↓
COMPARE
↓
DEBUG
↓
LEARN
↓
IMPROVE
↓
REPEAT

The best engineers aren't the ones who never make assumptions.

They're the ones who find their wrong assumptions quickly.

#EngineeringMindset #EmbeddedSystems #EngineeringStudent #Debugging #Learning",""
2026-09-26,"🔄 THE MOST INTERESTING SYSTEMS LIVE BETWEEN HARDWARE AND SOFTWARE.

A sensor measures the physical world.

↓

An ADC converts the signal.

↓

An embedded processor receives data.

↓

An algorithm interprets it.

↓

A controller makes a decision.

↓

An actuator changes the physical system.

↓

The sensor measures the result again.

And the loop continues.

PHYSICS
↓
ELECTRONICS
↓
EMBEDDED SYSTEM
↓
ALGORITHM / AI
↓
CONTROL
↓
PHYSICAL WORLD

That's not just software.

That's not just hardware.

It's a complete cyber-physical system.

This intersection is exactly where I want to keep building.

#ElectricalEngineering #EmbeddedSystems #ControlSystems #AIoT #CyberPhysicalSystems",""
